model,query
water.uai,1 24 0
water.uai,1 24 1
water.uai,1 24 2
water.uai,1 24 3
water.uai,1 25 0
water.uai,1 25 1
water.uai,1 25 2
water.uai,1 26 0
water.uai,1 26 1
water.uai,1 26 2
water.uai,1 26 3
water.uai,1 27 0
water.uai,1 27 1
water.uai,1 27 2
water.uai,1 28 0
water.uai,1 28 1
water.uai,1 28 2
water.uai,1 28 3
water.uai,1 29 0
water.uai,1 29 1
water.uai,1 29 2
water.uai,1 29 3
water.uai,1 30 0
water.uai,1 30 1
water.uai,1 30 2
water.uai,1 31 0
water.uai,1 31 1
water.uai,1 31 2
water.uai,1 31 3
hailfinder.uai,1 43 0
hailfinder.uai,1 43 1
hailfinder.uai,1 43 2
hailfinder.uai,1 44 0
hailfinder.uai,1 44 1
hailfinder.uai,1 44 2
hailfinder.uai,1 44 3
hailfinder.uai,1 44 4
hailfinder.uai,1 44 5
hailfinder.uai,1 44 6
hailfinder.uai,1 45 0
hailfinder.uai,1 45 1
hailfinder.uai,1 45 2
hailfinder.uai,1 45 3
hailfinder.uai,1 46 0
hailfinder.uai,1 46 1
hailfinder.uai,1 46 2
hailfinder.uai,1 47 0
hailfinder.uai,1 47 1
hailfinder.uai,1 47 2
hailfinder.uai,1 48 0
hailfinder.uai,1 48 1
hailfinder.uai,1 48 2
hailfinder.uai,1 48 3
hailfinder.uai,1 49 0
hailfinder.uai,1 49 1
hailfinder.uai,1 49 2
hailfinder.uai,1 50 0
hailfinder.uai,1 50 1
hailfinder.uai,1 50 2
hailfinder.uai,1 50 3
hailfinder.uai,1 50 4
hailfinder.uai,1 50 5
hailfinder.uai,1 50 6
hailfinder.uai,1 51 0
hailfinder.uai,1 51 1
hailfinder.uai,1 51 2
hailfinder.uai,1 51 3
hailfinder.uai,1 51 4
hailfinder.uai,1 52 0
hailfinder.uai,1 52 1
hailfinder.uai,1 52 2
hailfinder.uai,1 52 3
hailfinder.uai,1 53 0
hailfinder.uai,1 53 1
hailfinder.uai,1 53 2
hailfinder.uai,1 53 3
hailfinder.uai,1 54 0
hailfinder.uai,1 54 1
hailfinder.uai,1 55 0
hailfinder.uai,1 55 1
hailfinder.uai,1 55 2
hailfinder.uai,1 55 3
hailfinder.uai,1 55 4
hailfinder.uai,1 55 5
pigs.uai,1 1 0
pigs.uai,1 1 1
pigs.uai,1 1 2
pigs.uai,1 3 0
pigs.uai,1 3 1
pigs.uai,1 3 2
pigs.uai,1 5 0
pigs.uai,1 5 1
pigs.uai,1 5 2
pigs.uai,1 6 0
pigs.uai,1 6 1
pigs.uai,1 6 2
pigs.uai,1 10 0
pigs.uai,1 10 1
pigs.uai,1 10 2
pigs.uai,1 13 0
pigs.uai,1 13 1
pigs.uai,1 13 2
pigs.uai,1 17 0
pigs.uai,1 17 1
pigs.uai,1 17 2
pigs.uai,1 20 0
pigs.uai,1 20 1
pigs.uai,1 20 2
pigs.uai,1 23 0
pigs.uai,1 23 1
pigs.uai,1 23 2
pigs.uai,1 25 0
pigs.uai,1 25 1
pigs.uai,1 25 2
pigs.uai,1 31 0
pigs.uai,1 31 1
pigs.uai,1 31 2
pigs.uai,1 32 0
pigs.uai,1 32 1
pigs.uai,1 32 2
pigs.uai,1 34 0
pigs.uai,1 34 1
pigs.uai,1 34 2
pigs.uai,1 36 0
pigs.uai,1 36 1
pigs.uai,1 36 2
pigs.uai,1 39 0
pigs.uai,1 39 1
pigs.uai,1 39 2
pigs.uai,1 42 0
pigs.uai,1 42 1
pigs.uai,1 42 2
pigs.uai,1 43 0
pigs.uai,1 43 1
pigs.uai,1 43 2
pigs.uai,1 46 0
pigs.uai,1 46 1
pigs.uai,1 46 2
pigs.uai,1 52 0
pigs.uai,1 52 1
pigs.uai,1 52 2
pigs.uai,1 53 0
pigs.uai,1 53 1
pigs.uai,1 53 2
pigs.uai,1 57 0
pigs.uai,1 57 1
pigs.uai,1 57 2
pigs.uai,1 62 0
pigs.uai,1 62 1
pigs.uai,1 62 2
pigs.uai,1 64 0
pigs.uai,1 64 1
pigs.uai,1 64 2
pigs.uai,1 67 0
pigs.uai,1 67 1
pigs.uai,1 67 2
pigs.uai,1 68 0
pigs.uai,1 68 1
pigs.uai,1 68 2
pigs.uai,1 70 0
pigs.uai,1 70 1
pigs.uai,1 70 2
pigs.uai,1 73 0
pigs.uai,1 73 1
pigs.uai,1 73 2
pigs.uai,1 75 0
pigs.uai,1 75 1
pigs.uai,1 75 2
pigs.uai,1 76 0
pigs.uai,1 76 1
pigs.uai,1 76 2
pigs.uai,1 77 0
pigs.uai,1 77 1
pigs.uai,1 77 2
pigs.uai,1 81 0
pigs.uai,1 81 1
pigs.uai,1 81 2
pigs.uai,1 85 0
pigs.uai,1 85 1
pigs.uai,1 85 2
pigs.uai,1 86 0
pigs.uai,1 86 1
pigs.uai,1 86 2
pigs.uai,1 88 0
pigs.uai,1 88 1
pigs.uai,1 88 2
pigs.uai,1 89 0
pigs.uai,1 89 1
pigs.uai,1 89 2
pigs.uai,1 93 0
pigs.uai,1 93 1
pigs.uai,1 93 2
pigs.uai,1 94 0
pigs.uai,1 94 1
pigs.uai,1 94 2
pigs.uai,1 95 0
pigs.uai,1 95 1
pigs.uai,1 95 2
pigs.uai,1 96 0
pigs.uai,1 96 1
pigs.uai,1 96 2
pigs.uai,1 103 0
pigs.uai,1 103 1
pigs.uai,1 103 2
pigs.uai,1 104 0
pigs.uai,1 104 1
pigs.uai,1 104 2
pigs.uai,1 107 0
pigs.uai,1 107 1
pigs.uai,1 107 2
pigs.uai,1 108 0
pigs.uai,1 108 1
pigs.uai,1 108 2
pigs.uai,1 109 0
pigs.uai,1 109 1
pigs.uai,1 109 2
pigs.uai,1 110 0
pigs.uai,1 110 1
pigs.uai,1 110 2
pigs.uai,1 111 0
pigs.uai,1 111 1
pigs.uai,1 111 2
pigs.uai,1 112 0
pigs.uai,1 112 1
pigs.uai,1 112 2
pigs.uai,1 116 0
pigs.uai,1 116 1
pigs.uai,1 116 2
pigs.uai,1 117 0
pigs.uai,1 117 1
pigs.uai,1 117 2
pigs.uai,1 118 0
pigs.uai,1 118 1
pigs.uai,1 118 2
pigs.uai,1 119 0
pigs.uai,1 119 1
pigs.uai,1 119 2
pigs.uai,1 122 0
pigs.uai,1 122 1
pigs.uai,1 122 2
pigs.uai,1 127 0
pigs.uai,1 127 1
pigs.uai,1 127 2
pigs.uai,1 128 0
pigs.uai,1 128 1
pigs.uai,1 128 2
pigs.uai,1 130 0
pigs.uai,1 130 1
pigs.uai,1 130 2
pigs.uai,1 131 0
pigs.uai,1 131 1
pigs.uai,1 131 2
pigs.uai,1 135 0
pigs.uai,1 135 1
pigs.uai,1 135 2
pigs.uai,1 138 0
pigs.uai,1 138 1
pigs.uai,1 138 2
pigs.uai,1 139 0
pigs.uai,1 139 1
pigs.uai,1 139 2
pigs.uai,1 140 0
pigs.uai,1 140 1
pigs.uai,1 140 2
pigs.uai,1 141 0
pigs.uai,1 141 1
pigs.uai,1 141 2
pigs.uai,1 142 0
pigs.uai,1 142 1
pigs.uai,1 142 2
pigs.uai,1 153 0
pigs.uai,1 153 1
pigs.uai,1 153 2
pigs.uai,1 160 0
pigs.uai,1 160 1
pigs.uai,1 160 2
pigs.uai,1 162 0
pigs.uai,1 162 1
pigs.uai,1 162 2
pigs.uai,1 167 0
pigs.uai,1 167 1
pigs.uai,1 167 2
pigs.uai,1 173 0
pigs.uai,1 173 1
pigs.uai,1 173 2
pigs.uai,1 174 0
pigs.uai,1 174 1
pigs.uai,1 174 2
pigs.uai,1 175 0
pigs.uai,1 175 1
pigs.uai,1 175 2
pigs.uai,1 180 0
pigs.uai,1 180 1
pigs.uai,1 180 2
pigs.uai,1 181 0
pigs.uai,1 181 1
pigs.uai,1 181 2
pigs.uai,1 182 0
pigs.uai,1 182 1
pigs.uai,1 182 2
pigs.uai,1 183 0
pigs.uai,1 183 1
pigs.uai,1 183 2
pigs.uai,1 184 0
pigs.uai,1 184 1
pigs.uai,1 184 2
pigs.uai,1 189 0
pigs.uai,1 189 1
pigs.uai,1 189 2
pigs.uai,1 190 0
pigs.uai,1 190 1
pigs.uai,1 190 2
pigs.uai,1 198 0
pigs.uai,1 198 1
pigs.uai,1 198 2
pigs.uai,1 200 0
pigs.uai,1 200 1
pigs.uai,1 200 2
pigs.uai,1 206 0
pigs.uai,1 206 1
pigs.uai,1 206 2
pigs.uai,1 207 0
pigs.uai,1 207 1
pigs.uai,1 207 2
pigs.uai,1 214 0
pigs.uai,1 214 1
pigs.uai,1 214 2
pigs.uai,1 216 0
pigs.uai,1 216 1
pigs.uai,1 216 2
pigs.uai,1 220 0
pigs.uai,1 220 1
pigs.uai,1 220 2
pigs.uai,1 225 0
pigs.uai,1 225 1
pigs.uai,1 225 2
pigs.uai,1 226 0
pigs.uai,1 226 1
pigs.uai,1 226 2
pigs.uai,1 227 0
pigs.uai,1 227 1
pigs.uai,1 227 2
pigs.uai,1 231 0
pigs.uai,1 231 1
pigs.uai,1 231 2
pigs.uai,1 233 0
pigs.uai,1 233 1
pigs.uai,1 233 2
pigs.uai,1 235 0
pigs.uai,1 235 1
pigs.uai,1 235 2
pigs.uai,1 238 0
pigs.uai,1 238 1
pigs.uai,1 238 2
pigs.uai,1 240 0
pigs.uai,1 240 1
pigs.uai,1 240 2
pigs.uai,1 243 0
pigs.uai,1 243 1
pigs.uai,1 243 2
pigs.uai,1 249 0
pigs.uai,1 249 1
pigs.uai,1 249 2
pigs.uai,1 256 0
pigs.uai,1 256 1
pigs.uai,1 256 2
pigs.uai,1 258 0
pigs.uai,1 258 1
pigs.uai,1 258 2
pigs.uai,1 265 0
pigs.uai,1 265 1
pigs.uai,1 265 2
pigs.uai,1 267 0
pigs.uai,1 267 1
pigs.uai,1 267 2
pigs.uai,1 270 0
pigs.uai,1 270 1
pigs.uai,1 270 2
pigs.uai,1 274 0
pigs.uai,1 274 1
pigs.uai,1 274 2
pigs.uai,1 278 0
pigs.uai,1 278 1
pigs.uai,1 278 2
pigs.uai,1 280 0
pigs.uai,1 280 1
pigs.uai,1 280 2
pigs.uai,1 281 0
pigs.uai,1 281 1
pigs.uai,1 281 2
pigs.uai,1 282 0
pigs.uai,1 282 1
pigs.uai,1 282 2
pigs.uai,1 283 0
pigs.uai,1 283 1
pigs.uai,1 283 2
pigs.uai,1 287 0
pigs.uai,1 287 1
pigs.uai,1 287 2
pigs.uai,1 291 0
pigs.uai,1 291 1
pigs.uai,1 291 2
pigs.uai,1 294 0
pigs.uai,1 294 1
pigs.uai,1 294 2
pigs.uai,1 297 0
pigs.uai,1 297 1
pigs.uai,1 297 2
pigs.uai,1 300 0
pigs.uai,1 300 1
pigs.uai,1 300 2
pigs.uai,1 301 0
pigs.uai,1 301 1
pigs.uai,1 301 2
pigs.uai,1 306 0
pigs.uai,1 306 1
pigs.uai,1 306 2
pigs.uai,1 314 0
pigs.uai,1 314 1
pigs.uai,1 314 2
pigs.uai,1 317 0
pigs.uai,1 317 1
pigs.uai,1 317 2
pigs.uai,1 320 0
pigs.uai,1 320 1
pigs.uai,1 320 2
pigs.uai,1 324 0
pigs.uai,1 324 1
pigs.uai,1 324 2
pigs.uai,1 325 0
pigs.uai,1 325 1
pigs.uai,1 325 2
pigs.uai,1 327 0
pigs.uai,1 327 1
pigs.uai,1 327 2
pigs.uai,1 333 0
pigs.uai,1 333 1
pigs.uai,1 333 2
pigs.uai,1 335 0
pigs.uai,1 335 1
pigs.uai,1 335 2
pigs.uai,1 344 0
pigs.uai,1 344 1
pigs.uai,1 344 2
pigs.uai,1 353 0
pigs.uai,1 353 1
pigs.uai,1 353 2
pigs.uai,1 360 0
pigs.uai,1 360 1
pigs.uai,1 360 2
pigs.uai,1 361 0
pigs.uai,1 361 1
pigs.uai,1 361 2
pigs.uai,1 362 0
pigs.uai,1 362 1
pigs.uai,1 362 2
pigs.uai,1 365 0
pigs.uai,1 365 1
pigs.uai,1 365 2
pigs.uai,1 367 0
pigs.uai,1 367 1
pigs.uai,1 367 2
pigs.uai,1 371 0
pigs.uai,1 371 1
pigs.uai,1 371 2
pigs.uai,1 375 0
pigs.uai,1 375 1
pigs.uai,1 375 2
pigs.uai,1 386 0
pigs.uai,1 386 1
pigs.uai,1 386 2
pigs.uai,1 387 0
pigs.uai,1 387 1
pigs.uai,1 387 2
pigs.uai,1 389 0
pigs.uai,1 389 1
pigs.uai,1 389 2
pigs.uai,1 390 0
pigs.uai,1 390 1
pigs.uai,1 390 2
pigs.uai,1 398 0
pigs.uai,1 398 1
pigs.uai,1 398 2
pigs.uai,1 401 0
pigs.uai,1 401 1
pigs.uai,1 401 2
pigs.uai,1 411 0
pigs.uai,1 411 1
pigs.uai,1 411 2
pigs.uai,1 414 0
pigs.uai,1 414 1
pigs.uai,1 414 2
pigs.uai,1 415 0
pigs.uai,1 415 1
pigs.uai,1 415 2
pigs.uai,1 419 0
pigs.uai,1 419 1
pigs.uai,1 419 2
pigs.uai,1 422 0
pigs.uai,1 422 1
pigs.uai,1 422 2
pigs.uai,1 428 0
pigs.uai,1 428 1
pigs.uai,1 428 2
pigs.uai,1 429 0
pigs.uai,1 429 1
pigs.uai,1 429 2
hepar2.uai,1 20 0
hepar2.uai,1 20 1
hepar2.uai,1 20 2
hepar2.uai,1 22 0
hepar2.uai,1 22 1
hepar2.uai,1 24 0
hepar2.uai,1 24 1
hepar2.uai,1 25 0
hepar2.uai,1 25 1
hepar2.uai,1 26 0
hepar2.uai,1 26 1
hepar2.uai,1 27 0
hepar2.uai,1 27 1
hepar2.uai,1 28 0
hepar2.uai,1 28 1
hepar2.uai,1 29 0
hepar2.uai,1 29 1
hepar2.uai,1 29 2
hepar2.uai,1 30 0
hepar2.uai,1 30 1
hepar2.uai,1 31 0
hepar2.uai,1 31 1
hepar2.uai,1 32 0
hepar2.uai,1 32 1
hepar2.uai,1 34 0
hepar2.uai,1 34 1
hepar2.uai,1 36 0
hepar2.uai,1 36 1
hepar2.uai,1 39 0
hepar2.uai,1 39 1
hepar2.uai,1 40 0
hepar2.uai,1 40 1
hepar2.uai,1 41 0
hepar2.uai,1 41 1
hepar2.uai,1 43 0
hepar2.uai,1 43 1
hepar2.uai,1 43 2
hepar2.uai,1 44 0
hepar2.uai,1 44 1
hepar2.uai,1 46 0
hepar2.uai,1 46 1
hepar2.uai,1 47 0
hepar2.uai,1 47 1
hepar2.uai,1 48 0
hepar2.uai,1 48 1
hepar2.uai,1 48 2
hepar2.uai,1 49 0
hepar2.uai,1 49 1
hepar2.uai,1 49 2
hepar2.uai,1 49 3
hepar2.uai,1 50 0
hepar2.uai,1 50 1
hepar2.uai,1 50 2
hepar2.uai,1 50 3
hepar2.uai,1 51 0
hepar2.uai,1 51 1
hepar2.uai,1 51 2
hepar2.uai,1 52 0
hepar2.uai,1 52 1
hepar2.uai,1 52 2
hepar2.uai,1 52 3
hepar2.uai,1 53 0
hepar2.uai,1 53 1
hepar2.uai,1 53 2
hepar2.uai,1 55 0
hepar2.uai,1 55 1
hepar2.uai,1 56 0
hepar2.uai,1 56 1
hepar2.uai,1 57 0
hepar2.uai,1 57 1
hepar2.uai,1 58 0
hepar2.uai,1 58 1
hepar2.uai,1 59 0
hepar2.uai,1 59 1
hepar2.uai,1 60 0
hepar2.uai,1 60 1
hepar2.uai,1 61 0
hepar2.uai,1 61 1
hepar2.uai,1 62 0
hepar2.uai,1 62 1
hepar2.uai,1 62 2
hepar2.uai,1 63 0
hepar2.uai,1 63 1
hepar2.uai,1 64 0
hepar2.uai,1 64 1
hepar2.uai,1 65 0
hepar2.uai,1 65 1
hepar2.uai,1 66 0
hepar2.uai,1 66 1
hepar2.uai,1 67 0
hepar2.uai,1 67 1
hepar2.uai,1 68 0
hepar2.uai,1 68 1
hepar2.uai,1 69 0
hepar2.uai,1 69 1
barley.uai,1 40 0
barley.uai,1 40 1
barley.uai,1 40 2
barley.uai,1 40 3
barley.uai,1 40 4
barley.uai,1 40 5
barley.uai,1 40 6
barley.uai,1 40 7
barley.uai,1 41 0
barley.uai,1 41 1
barley.uai,1 41 2
barley.uai,1 41 3
barley.uai,1 41 4
barley.uai,1 41 5
barley.uai,1 41 6
barley.uai,1 41 7
barley.uai,1 41 8
barley.uai,1 42 0
barley.uai,1 42 1
barley.uai,1 42 2
barley.uai,1 42 3
barley.uai,1 43 0
barley.uai,1 43 1
barley.uai,1 43 2
barley.uai,1 43 3
barley.uai,1 43 4
barley.uai,1 43 5
barley.uai,1 43 6
barley.uai,1 43 7
barley.uai,1 44 0
barley.uai,1 44 1
barley.uai,1 44 2
barley.uai,1 44 3
barley.uai,1 45 0
barley.uai,1 45 1
barley.uai,1 45 2
barley.uai,1 45 3
barley.uai,1 46 0
barley.uai,1 46 1
barley.uai,1 46 2
barley.uai,1 46 3
barley.uai,1 46 4
barley.uai,1 46 5
barley.uai,1 46 6
barley.uai,1 46 7
barley.uai,1 46 8
barley.uai,1 46 9
barley.uai,1 46 10
barley.uai,1 46 11
barley.uai,1 46 12
barley.uai,1 46 13
barley.uai,1 46 14
barley.uai,1 46 15
barley.uai,1 46 16
barley.uai,1 46 17
barley.uai,1 46 18
barley.uai,1 46 19
barley.uai,1 47 0
barley.uai,1 47 1
barley.uai,1 47 2
barley.uai,1 47 3
barley.uai,1 47 4
barley.uai,1 47 5
andes.uai,1 16 0
andes.uai,1 16 1
andes.uai,1 20 0
andes.uai,1 20 1
andes.uai,1 21 0
andes.uai,1 21 1
andes.uai,1 27 0
andes.uai,1 27 1
andes.uai,1 54 0
andes.uai,1 54 1
andes.uai,1 55 0
andes.uai,1 55 1
andes.uai,1 56 0
andes.uai,1 56 1
andes.uai,1 59 0
andes.uai,1 59 1
andes.uai,1 120 0
andes.uai,1 120 1
andes.uai,1 122 0
andes.uai,1 122 1
andes.uai,1 124 0
andes.uai,1 124 1
andes.uai,1 126 0
andes.uai,1 126 1
andes.uai,1 127 0
andes.uai,1 127 1
andes.uai,1 128 0
andes.uai,1 128 1
andes.uai,1 137 0
andes.uai,1 137 1
andes.uai,1 148 0
andes.uai,1 148 1
andes.uai,1 182 0
andes.uai,1 182 1
andes.uai,1 183 0
andes.uai,1 183 1
andes.uai,1 188 0
andes.uai,1 188 1
andes.uai,1 190 0
andes.uai,1 190 1
andes.uai,1 203 0
andes.uai,1 203 1
andes.uai,1 204 0
andes.uai,1 204 1
andes.uai,1 206 0
andes.uai,1 206 1
andes.uai,1 220 0
andes.uai,1 220 1
andes.uai,1 222 0
andes.uai,1 222 1
mildew.uai,1 34 0
mildew.uai,1 34 1
mildew.uai,1 34 2
mildew.uai,1 34 3
mildew.uai,1 34 4
mildew.uai,1 34 5
mildew.uai,1 34 6
mildew.uai,1 34 7
mildew.uai,1 34 8
mildew.uai,1 34 9
mildew.uai,1 34 10
mildew.uai,1 34 11
mildew.uai,1 34 12
mildew.uai,1 34 13
mildew.uai,1 34 14
mildew.uai,1 34 15
mildew.uai,1 34 16
mildew.uai,1 34 17
mildew.uai,1 34 18
mildew.uai,1 34 19
mildew.uai,1 34 20
mildew.uai,1 34 21
mildew.uai,1 34 22
mildew.uai,1 34 23
mildew.uai,1 34 24
mildew.uai,1 34 25
mildew.uai,1 34 26
mildew.uai,1 34 27
mildew.uai,1 34 28
mildew.uai,1 34 29
mildew.uai,1 34 30
mildew.uai,1 34 31
mildew.uai,1 34 32
mildew.uai,1 34 33
mildew.uai,1 34 34
mildew.uai,1 34 35
mildew.uai,1 34 36
mildew.uai,1 34 37
mildew.uai,1 34 38
mildew.uai,1 34 39
mildew.uai,1 34 40
mildew.uai,1 34 41
mildew.uai,1 34 42
mildew.uai,1 34 43
mildew.uai,1 34 44
mildew.uai,1 34 45
mildew.uai,1 34 46
mildew.uai,1 34 47
mildew.uai,1 34 48
mildew.uai,1 34 49
mildew.uai,1 34 50
mildew.uai,1 34 51
mildew.uai,1 34 52
mildew.uai,1 34 53
mildew.uai,1 34 54
mildew.uai,1 34 55
mildew.uai,1 34 56
mildew.uai,1 34 57
mildew.uai,1 34 58
mildew.uai,1 34 59
mildew.uai,1 34 60
mildew.uai,1 34 61
mildew.uai,1 34 62
mildew.uai,1 34 63
mildew.uai,1 34 64
mildew.uai,1 34 65
mildew.uai,1 34 66
mildew.uai,1 34 67
mildew.uai,1 34 68
mildew.uai,1 34 69
mildew.uai,1 34 70
mildew.uai,1 34 71
mildew.uai,1 34 72
mildew.uai,1 34 73
mildew.uai,1 34 74
mildew.uai,1 34 75
mildew.uai,1 34 76
mildew.uai,1 34 77
mildew.uai,1 34 78
mildew.uai,1 34 79
mildew.uai,1 34 80
mildew.uai,1 34 81
mildew.uai,1 34 82
mildew.uai,1 34 83
mildew.uai,1 34 84
mildew.uai,1 34 85
child.uai,1 6 0
child.uai,1 6 1
child.uai,1 7 0
child.uai,1 7 1
child.uai,1 7 2
child.uai,1 8 0
child.uai,1 8 1
child.uai,1 8 2
child.uai,1 9 0
child.uai,1 9 1
child.uai,1 10 0
child.uai,1 10 1
child.uai,1 10 2
child.uai,1 10 3
child.uai,1 10 4
child.uai,1 12 0
child.uai,1 12 1
child.uai,1 13 0
child.uai,1 13 1
child.uai,1 13 2
asia.uai,1 6 0
asia.uai,1 6 1
asia.uai,1 7 0
asia.uai,1 7 1
sachs.uai,1 0 0
sachs.uai,1 0 1
sachs.uai,1 0 2
sachs.uai,1 2 0
sachs.uai,1 2 1
sachs.uai,1 2 2
sachs.uai,1 4 0
sachs.uai,1 4 1
sachs.uai,1 4 2
sachs.uai,1 5 0
sachs.uai,1 5 1
sachs.uai,1 5 2
insurance.uai,1 0 0
insurance.uai,1 0 1
insurance.uai,1 19 0
insurance.uai,1 19 1
insurance.uai,1 19 2
insurance.uai,1 19 3
insurance.uai,1 21 0
insurance.uai,1 21 1
insurance.uai,1 22 0
insurance.uai,1 22 1
insurance.uai,1 22 2
insurance.uai,1 22 3
insurance.uai,1 25 0
insurance.uai,1 25 1
insurance.uai,1 25 2
insurance.uai,1 25 3
insurance.uai,1 26 0
insurance.uai,1 26 1
insurance.uai,1 26 2
diabetes.uai,1 411 0
diabetes.uai,1 411 1
diabetes.uai,1 411 2
diabetes.uai,1 411 3
diabetes.uai,1 411 4
diabetes.uai,1 411 5
diabetes.uai,1 411 6
diabetes.uai,1 411 7
diabetes.uai,1 411 8
diabetes.uai,1 411 9
diabetes.uai,1 411 10
diabetes.uai,1 411 11
diabetes.uai,1 411 12
diabetes.uai,1 411 13
diabetes.uai,1 411 14
diabetes.uai,1 411 15
diabetes.uai,1 411 16
diabetes.uai,1 411 17
diabetes.uai,1 411 18
diabetes.uai,1 411 19
diabetes.uai,1 411 20
diabetes.uai,1 412 0
diabetes.uai,1 412 1
diabetes.uai,1 412 2
diabetes.uai,1 412 3
diabetes.uai,1 412 4
diabetes.uai,1 412 5
diabetes.uai,1 412 6
diabetes.uai,1 412 7
diabetes.uai,1 412 8
diabetes.uai,1 412 9
diabetes.uai,1 412 10
win95pts.uai,1 35 0
win95pts.uai,1 35 1
win95pts.uai,1 48 0
win95pts.uai,1 48 1
win95pts.uai,1 54 0
win95pts.uai,1 54 1
win95pts.uai,1 58 0
win95pts.uai,1 58 1
win95pts.uai,1 59 0
win95pts.uai,1 59 1
win95pts.uai,1 61 0
win95pts.uai,1 61 1
win95pts.uai,1 62 0
win95pts.uai,1 62 1
win95pts.uai,1 65 0
win95pts.uai,1 65 1
win95pts.uai,1 66 0
win95pts.uai,1 66 1
win95pts.uai,1 67 0
win95pts.uai,1 67 1
win95pts.uai,1 68 0
win95pts.uai,1 68 1
win95pts.uai,1 71 0
win95pts.uai,1 71 1
win95pts.uai,1 72 0
win95pts.uai,1 72 1
win95pts.uai,1 73 0
win95pts.uai,1 73 1
win95pts.uai,1 74 0
win95pts.uai,1 74 1
win95pts.uai,1 75 0
win95pts.uai,1 75 1
pathfinder.uai,1 1 0
pathfinder.uai,1 1 1
pathfinder.uai,1 5 0
pathfinder.uai,1 5 1
pathfinder.uai,1 5 2
pathfinder.uai,1 7 0
pathfinder.uai,1 7 1
pathfinder.uai,1 7 2
pathfinder.uai,1 7 3
pathfinder.uai,1 9 0
pathfinder.uai,1 9 1
pathfinder.uai,1 9 2
pathfinder.uai,1 9 3
pathfinder.uai,1 10 0
pathfinder.uai,1 10 1
pathfinder.uai,1 10 2
pathfinder.uai,1 10 3
pathfinder.uai,1 10 4
pathfinder.uai,1 13 0
pathfinder.uai,1 13 1
pathfinder.uai,1 13 2
pathfinder.uai,1 13 3
pathfinder.uai,1 13 4
pathfinder.uai,1 14 0
pathfinder.uai,1 14 1
pathfinder.uai,1 17 0
pathfinder.uai,1 17 1
pathfinder.uai,1 17 2
pathfinder.uai,1 17 3
pathfinder.uai,1 17 4
pathfinder.uai,1 18 0
pathfinder.uai,1 18 1
pathfinder.uai,1 19 0
pathfinder.uai,1 19 1
pathfinder.uai,1 19 2
pathfinder.uai,1 20 0
pathfinder.uai,1 20 1
pathfinder.uai,1 22 0
pathfinder.uai,1 22 1
pathfinder.uai,1 22 2
pathfinder.uai,1 24 0
pathfinder.uai,1 24 1
pathfinder.uai,1 24 2
pathfinder.uai,1 24 3
pathfinder.uai,1 25 0
pathfinder.uai,1 25 1
pathfinder.uai,1 25 2
pathfinder.uai,1 31 0
pathfinder.uai,1 31 1
pathfinder.uai,1 31 2
pathfinder.uai,1 32 0
pathfinder.uai,1 32 1
pathfinder.uai,1 33 0
pathfinder.uai,1 33 1
pathfinder.uai,1 34 0
pathfinder.uai,1 34 1
pathfinder.uai,1 34 2
pathfinder.uai,1 35 0
pathfinder.uai,1 35 1
pathfinder.uai,1 36 0
pathfinder.uai,1 36 1
pathfinder.uai,1 37 0
pathfinder.uai,1 37 1
pathfinder.uai,1 39 0
pathfinder.uai,1 39 1
pathfinder.uai,1 43 0
pathfinder.uai,1 43 1
pathfinder.uai,1 43 2
pathfinder.uai,1 44 0
pathfinder.uai,1 44 1
pathfinder.uai,1 44 2
pathfinder.uai,1 44 3
pathfinder.uai,1 44 4
pathfinder.uai,1 45 0
pathfinder.uai,1 45 1
pathfinder.uai,1 46 0
pathfinder.uai,1 46 1
pathfinder.uai,1 46 2
pathfinder.uai,1 46 3
pathfinder.uai,1 46 4
pathfinder.uai,1 46 5
pathfinder.uai,1 47 0
pathfinder.uai,1 47 1
pathfinder.uai,1 47 2
pathfinder.uai,1 48 0
pathfinder.uai,1 48 1
pathfinder.uai,1 51 0
pathfinder.uai,1 51 1
pathfinder.uai,1 51 2
pathfinder.uai,1 51 3
pathfinder.uai,1 51 4
pathfinder.uai,1 52 0
pathfinder.uai,1 52 1
pathfinder.uai,1 52 2
pathfinder.uai,1 52 3
pathfinder.uai,1 53 0
pathfinder.uai,1 53 1
pathfinder.uai,1 53 2
pathfinder.uai,1 53 3
pathfinder.uai,1 53 4
pathfinder.uai,1 53 5
pathfinder.uai,1 53 6
pathfinder.uai,1 53 7
pathfinder.uai,1 54 0
pathfinder.uai,1 54 1
pathfinder.uai,1 54 2
pathfinder.uai,1 54 3
pathfinder.uai,1 54 4
pathfinder.uai,1 54 5
pathfinder.uai,1 54 6
pathfinder.uai,1 54 7
pathfinder.uai,1 54 8
pathfinder.uai,1 55 0
pathfinder.uai,1 55 1
pathfinder.uai,1 55 2
pathfinder.uai,1 56 0
pathfinder.uai,1 56 1
pathfinder.uai,1 57 0
pathfinder.uai,1 57 1
pathfinder.uai,1 57 2
pathfinder.uai,1 57 3
pathfinder.uai,1 58 0
pathfinder.uai,1 58 1
pathfinder.uai,1 58 2
pathfinder.uai,1 58 3
pathfinder.uai,1 58 4
pathfinder.uai,1 60 0
pathfinder.uai,1 60 1
pathfinder.uai,1 60 2
pathfinder.uai,1 60 3
pathfinder.uai,1 61 0
pathfinder.uai,1 61 1
pathfinder.uai,1 61 2
pathfinder.uai,1 61 3
pathfinder.uai,1 61 4
pathfinder.uai,1 61 5
pathfinder.uai,1 61 6
pathfinder.uai,1 62 0
pathfinder.uai,1 62 1
pathfinder.uai,1 62 2
pathfinder.uai,1 62 3
pathfinder.uai,1 62 4
pathfinder.uai,1 62 5
pathfinder.uai,1 63 0
pathfinder.uai,1 63 1
pathfinder.uai,1 63 2
pathfinder.uai,1 63 3
pathfinder.uai,1 65 0
pathfinder.uai,1 65 1
pathfinder.uai,1 65 2
pathfinder.uai,1 65 3
pathfinder.uai,1 66 0
pathfinder.uai,1 66 1
pathfinder.uai,1 67 0
pathfinder.uai,1 67 1
pathfinder.uai,1 67 2
pathfinder.uai,1 68 0
pathfinder.uai,1 68 1
pathfinder.uai,1 69 0
pathfinder.uai,1 69 1
pathfinder.uai,1 69 2
pathfinder.uai,1 71 0
pathfinder.uai,1 71 1
pathfinder.uai,1 71 2
pathfinder.uai,1 71 3
pathfinder.uai,1 71 4
pathfinder.uai,1 71 5
pathfinder.uai,1 72 0
pathfinder.uai,1 72 1
pathfinder.uai,1 72 2
pathfinder.uai,1 72 3
pathfinder.uai,1 72 4
pathfinder.uai,1 73 0
pathfinder.uai,1 73 1
pathfinder.uai,1 74 0
pathfinder.uai,1 74 1
pathfinder.uai,1 75 0
pathfinder.uai,1 75 1
pathfinder.uai,1 76 0
pathfinder.uai,1 76 1
pathfinder.uai,1 77 0
pathfinder.uai,1 77 1
pathfinder.uai,1 78 0
pathfinder.uai,1 78 1
pathfinder.uai,1 81 0
pathfinder.uai,1 81 1
pathfinder.uai,1 81 2
pathfinder.uai,1 81 3
pathfinder.uai,1 82 0
pathfinder.uai,1 82 1
pathfinder.uai,1 82 2
pathfinder.uai,1 82 3
pathfinder.uai,1 82 4
pathfinder.uai,1 82 5
pathfinder.uai,1 82 6
pathfinder.uai,1 82 7
pathfinder.uai,1 83 0
pathfinder.uai,1 83 1
pathfinder.uai,1 83 2
pathfinder.uai,1 83 3
pathfinder.uai,1 83 4
pathfinder.uai,1 84 0
pathfinder.uai,1 84 1
pathfinder.uai,1 84 2
pathfinder.uai,1 84 3
pathfinder.uai,1 85 0
pathfinder.uai,1 85 1
pathfinder.uai,1 86 0
pathfinder.uai,1 86 1
pathfinder.uai,1 86 2
pathfinder.uai,1 86 3
pathfinder.uai,1 86 4
pathfinder.uai,1 87 0
pathfinder.uai,1 87 1
pathfinder.uai,1 88 0
pathfinder.uai,1 88 1
pathfinder.uai,1 88 2
pathfinder.uai,1 89 0
pathfinder.uai,1 89 1
pathfinder.uai,1 90 0
pathfinder.uai,1 90 1
pathfinder.uai,1 90 2
pathfinder.uai,1 90 3
pathfinder.uai,1 90 4
pathfinder.uai,1 94 0
pathfinder.uai,1 94 1
pathfinder.uai,1 95 0
pathfinder.uai,1 95 1
pathfinder.uai,1 96 0
pathfinder.uai,1 96 1
pathfinder.uai,1 97 0
pathfinder.uai,1 97 1
pathfinder.uai,1 97 2
pathfinder.uai,1 97 3
pathfinder.uai,1 97 4
pathfinder.uai,1 97 5
pathfinder.uai,1 98 0
pathfinder.uai,1 98 1
pathfinder.uai,1 98 2
pathfinder.uai,1 98 3
pathfinder.uai,1 98 4
pathfinder.uai,1 99 0
pathfinder.uai,1 99 1
pathfinder.uai,1 99 2
pathfinder.uai,1 99 3
pathfinder.uai,1 99 4
pathfinder.uai,1 100 0
pathfinder.uai,1 100 1
pathfinder.uai,1 100 2
pathfinder.uai,1 100 3
pathfinder.uai,1 100 4
pathfinder.uai,1 102 0
pathfinder.uai,1 102 1
pathfinder.uai,1 102 2
pathfinder.uai,1 102 3
pathfinder.uai,1 102 4
pathfinder.uai,1 102 5
pathfinder.uai,1 102 6
pathfinder.uai,1 102 7
pathfinder.uai,1 103 0
pathfinder.uai,1 103 1
pathfinder.uai,1 103 2
pathfinder.uai,1 104 0
pathfinder.uai,1 104 1
pathfinder.uai,1 104 2
pathfinder.uai,1 104 3
pathfinder.uai,1 105 0
pathfinder.uai,1 105 1
pathfinder.uai,1 105 2
pathfinder.uai,1 105 3
pathfinder.uai,1 106 0
pathfinder.uai,1 106 1
pathfinder.uai,1 106 2
pathfinder.uai,1 106 3
pathfinder.uai,1 107 0
pathfinder.uai,1 107 1
pathfinder.uai,1 107 2
pathfinder.uai,1 108 0
pathfinder.uai,1 108 1
alarm.uai,1 0 0
alarm.uai,1 0 1
alarm.uai,1 1 0
alarm.uai,1 1 1
alarm.uai,1 1 2
alarm.uai,1 2 0
alarm.uai,1 2 1
alarm.uai,1 2 2
alarm.uai,1 8 0
alarm.uai,1 8 1
alarm.uai,1 8 2
alarm.uai,1 9 0
alarm.uai,1 9 1
alarm.uai,1 9 2
alarm.uai,1 11 0
alarm.uai,1 11 1
alarm.uai,1 11 2
alarm.uai,1 15 0
alarm.uai,1 15 1
alarm.uai,1 15 2
alarm.uai,1 15 3
alarm.uai,1 17 0
alarm.uai,1 17 1
alarm.uai,1 17 2
alarm.uai,1 17 3
alarm.uai,1 21 0
alarm.uai,1 21 1
alarm.uai,1 21 2
alarm.uai,1 25 0
alarm.uai,1 25 1
alarm.uai,1 25 2
alarm.uai,1 25 3
alarm.uai,1 36 0
alarm.uai,1 36 1
alarm.uai,1 36 2
earthquake.uai,1 3 0
earthquake.uai,1 3 1
earthquake.uai,1 4 0
earthquake.uai,1 4 1
munin.uai,1 18 0
munin.uai,1 18 1
munin.uai,1 18 2
munin.uai,1 18 3
munin.uai,1 18 4
munin.uai,1 18 5
munin.uai,1 18 6
munin.uai,1 18 7
munin.uai,1 18 8
munin.uai,1 18 9
munin.uai,1 18 10
munin.uai,1 18 11
munin.uai,1 33 0
munin.uai,1 33 1
munin.uai,1 33 2
munin.uai,1 33 3
munin.uai,1 33 4
munin.uai,1 33 5
munin.uai,1 33 6
munin.uai,1 33 7
munin.uai,1 33 8
munin.uai,1 33 9
munin.uai,1 33 10
munin.uai,1 33 11
munin.uai,1 33 12
munin.uai,1 33 13
munin.uai,1 33 14
munin.uai,1 33 15
munin.uai,1 33 16
munin.uai,1 33 17
munin.uai,1 33 18
munin.uai,1 33 19
munin.uai,1 38 0
munin.uai,1 38 1
munin.uai,1 38 2
munin.uai,1 38 3
munin.uai,1 38 4
munin.uai,1 38 5
munin.uai,1 38 6
munin.uai,1 38 7
munin.uai,1 38 8
munin.uai,1 38 9
munin.uai,1 38 10
munin.uai,1 38 11
munin.uai,1 38 12
munin.uai,1 38 13
munin.uai,1 38 14
munin.uai,1 48 0
munin.uai,1 48 1
munin.uai,1 48 2
munin.uai,1 48 3
munin.uai,1 48 4
munin.uai,1 48 5
munin.uai,1 48 6
munin.uai,1 48 7
munin.uai,1 48 8
munin.uai,1 48 9
munin.uai,1 48 10
munin.uai,1 48 11
munin.uai,1 48 12
munin.uai,1 48 13
munin.uai,1 48 14
munin.uai,1 48 15
munin.uai,1 48 16
munin.uai,1 48 17
munin.uai,1 48 18
munin.uai,1 54 0
munin.uai,1 54 1
munin.uai,1 54 2
munin.uai,1 54 3
munin.uai,1 54 4
munin.uai,1 54 5
munin.uai,1 54 6
munin.uai,1 54 7
munin.uai,1 54 8
munin.uai,1 54 9
munin.uai,1 54 10
munin.uai,1 54 11
munin.uai,1 71 0
munin.uai,1 71 1
munin.uai,1 71 2
munin.uai,1 71 3
munin.uai,1 71 4
munin.uai,1 71 5
munin.uai,1 71 6
munin.uai,1 71 7
munin.uai,1 71 8
munin.uai,1 71 9
munin.uai,1 71 10
munin.uai,1 71 11
munin.uai,1 71 12
munin.uai,1 71 13
munin.uai,1 71 14
munin.uai,1 71 15
munin.uai,1 71 16
munin.uai,1 71 17
munin.uai,1 71 18
munin.uai,1 108 0
munin.uai,1 108 1
munin.uai,1 108 2
munin.uai,1 108 3
munin.uai,1 108 4
munin.uai,1 108 5
munin.uai,1 108 6
munin.uai,1 108 7
munin.uai,1 108 8
munin.uai,1 108 9
munin.uai,1 108 10
munin.uai,1 108 11
munin.uai,1 108 12
munin.uai,1 108 13
munin.uai,1 108 14
munin.uai,1 108 15
munin.uai,1 108 16
munin.uai,1 116 0
munin.uai,1 116 1
munin.uai,1 116 2
munin.uai,1 116 3
munin.uai,1 116 4
munin.uai,1 116 5
munin.uai,1 116 6
munin.uai,1 116 7
munin.uai,1 116 8
munin.uai,1 116 9
munin.uai,1 116 10
munin.uai,1 116 11
munin.uai,1 116 12
munin.uai,1 116 13
munin.uai,1 116 14
munin.uai,1 116 15
munin.uai,1 116 16
munin.uai,1 116 17
munin.uai,1 116 18
munin.uai,1 118 0
munin.uai,1 118 1
munin.uai,1 118 2
munin.uai,1 118 3
munin.uai,1 118 4
munin.uai,1 118 5
munin.uai,1 119 0
munin.uai,1 119 1
munin.uai,1 120 0
munin.uai,1 120 1
munin.uai,1 120 2
munin.uai,1 120 3
munin.uai,1 121 0
munin.uai,1 121 1
munin.uai,1 121 2
munin.uai,1 122 0
munin.uai,1 122 1
munin.uai,1 122 2
munin.uai,1 122 3
munin.uai,1 122 4
munin.uai,1 124 0
munin.uai,1 124 1
munin.uai,1 124 2
munin.uai,1 124 3
munin.uai,1 124 4
munin.uai,1 124 5
munin.uai,1 124 6
munin.uai,1 124 7
munin.uai,1 124 8
munin.uai,1 124 9
munin.uai,1 124 10
munin.uai,1 124 11
munin.uai,1 124 12
munin.uai,1 124 13
munin.uai,1 124 14
munin.uai,1 124 15
munin.uai,1 124 16
munin.uai,1 124 17
munin.uai,1 124 18
munin.uai,1 124 19
munin.uai,1 125 0
munin.uai,1 125 1
munin.uai,1 125 2
munin.uai,1 125 3
munin.uai,1 125 4
munin.uai,1 127 0
munin.uai,1 127 1
munin.uai,1 127 2
munin.uai,1 127 3
munin.uai,1 127 4
munin.uai,1 127 5
munin.uai,1 127 6
munin.uai,1 127 7
munin.uai,1 127 8
munin.uai,1 127 9
munin.uai,1 127 10
munin.uai,1 127 11
munin.uai,1 127 12
munin.uai,1 127 13
munin.uai,1 127 14
munin.uai,1 127 15
munin.uai,1 127 16
munin.uai,1 127 17
munin.uai,1 127 18
munin.uai,1 128 0
munin.uai,1 128 1
munin.uai,1 128 2
munin.uai,1 130 0
munin.uai,1 130 1
munin.uai,1 131 0
munin.uai,1 131 1
munin.uai,1 132 0
munin.uai,1 132 1
munin.uai,1 133 0
munin.uai,1 133 1
munin.uai,1 133 2
munin.uai,1 133 3
munin.uai,1 133 4
munin.uai,1 133 5
munin.uai,1 133 6
munin.uai,1 133 7
munin.uai,1 133 8
munin.uai,1 133 9
munin.uai,1 133 10
munin.uai,1 133 11
munin.uai,1 133 12
munin.uai,1 133 13
munin.uai,1 133 14
munin.uai,1 133 15
munin.uai,1 133 16
munin.uai,1 133 17
munin.uai,1 133 18
munin.uai,1 133 19
munin.uai,1 133 20
munin.uai,1 134 0
munin.uai,1 134 1
munin.uai,1 134 2
munin.uai,1 134 3
munin.uai,1 134 4
munin.uai,1 135 0
munin.uai,1 135 1
munin.uai,1 135 2
munin.uai,1 135 3
munin.uai,1 136 0
munin.uai,1 136 1
munin.uai,1 136 2
munin.uai,1 136 3
munin.uai,1 136 4
munin.uai,1 137 0
munin.uai,1 137 1
munin.uai,1 137 2
munin.uai,1 137 3
munin.uai,1 153 0
munin.uai,1 153 1
munin.uai,1 153 2
munin.uai,1 163 0
munin.uai,1 163 1
munin.uai,1 163 2
munin.uai,1 163 3
munin.uai,1 163 4
munin.uai,1 163 5
munin.uai,1 179 0
munin.uai,1 179 1
munin.uai,1 179 2
munin.uai,1 179 3
munin.uai,1 180 0
munin.uai,1 180 1
munin.uai,1 181 0
munin.uai,1 181 1
munin.uai,1 183 0
munin.uai,1 183 1
munin.uai,1 184 0
munin.uai,1 184 1
munin.uai,1 185 0
munin.uai,1 185 1
munin.uai,1 204 0
munin.uai,1 204 1
munin.uai,1 204 2
munin.uai,1 204 3
munin.uai,1 204 4
munin.uai,1 204 5
munin.uai,1 204 6
munin.uai,1 204 7
munin.uai,1 204 8
munin.uai,1 204 9
munin.uai,1 204 10
munin.uai,1 204 11
munin.uai,1 228 0
munin.uai,1 228 1
munin.uai,1 228 2
munin.uai,1 228 3
munin.uai,1 228 4
munin.uai,1 228 5
munin.uai,1 228 6
munin.uai,1 228 7
munin.uai,1 228 8
munin.uai,1 228 9
munin.uai,1 228 10
munin.uai,1 228 11
munin.uai,1 228 12
munin.uai,1 228 13
munin.uai,1 228 14
munin.uai,1 228 15
munin.uai,1 228 16
munin.uai,1 228 17
munin.uai,1 228 18
munin.uai,1 228 19
munin.uai,1 231 0
munin.uai,1 231 1
munin.uai,1 231 2
munin.uai,1 231 3
munin.uai,1 231 4
munin.uai,1 231 5
munin.uai,1 231 6
munin.uai,1 231 7
munin.uai,1 231 8
munin.uai,1 231 9
munin.uai,1 231 10
munin.uai,1 231 11
munin.uai,1 235 0
munin.uai,1 235 1
munin.uai,1 235 2
munin.uai,1 235 3
munin.uai,1 235 4
munin.uai,1 235 5
munin.uai,1 235 6
munin.uai,1 235 7
munin.uai,1 235 8
munin.uai,1 235 9
munin.uai,1 235 10
munin.uai,1 235 11
munin.uai,1 235 12
munin.uai,1 235 13
munin.uai,1 235 14
munin.uai,1 235 15
munin.uai,1 235 16
munin.uai,1 235 17
munin.uai,1 235 18
munin.uai,1 235 19
munin.uai,1 241 0
munin.uai,1 241 1
munin.uai,1 241 2
munin.uai,1 241 3
munin.uai,1 241 4
munin.uai,1 241 5
munin.uai,1 241 6
munin.uai,1 241 7
munin.uai,1 241 8
munin.uai,1 241 9
munin.uai,1 241 10
munin.uai,1 241 11
munin.uai,1 241 12
munin.uai,1 241 13
munin.uai,1 241 14
munin.uai,1 251 0
munin.uai,1 251 1
munin.uai,1 251 2
munin.uai,1 251 3
munin.uai,1 251 4
munin.uai,1 251 5
munin.uai,1 251 6
munin.uai,1 251 7
munin.uai,1 251 8
munin.uai,1 251 9
munin.uai,1 251 10
munin.uai,1 251 11
munin.uai,1 251 12
munin.uai,1 251 13
munin.uai,1 251 14
munin.uai,1 251 15
munin.uai,1 251 16
munin.uai,1 251 17
munin.uai,1 251 18
munin.uai,1 255 0
munin.uai,1 255 1
munin.uai,1 255 2
munin.uai,1 255 3
munin.uai,1 255 4
munin.uai,1 255 5
munin.uai,1 255 6
munin.uai,1 255 7
munin.uai,1 255 8
munin.uai,1 255 9
munin.uai,1 255 10
munin.uai,1 255 11
munin.uai,1 275 0
munin.uai,1 275 1
munin.uai,1 275 2
munin.uai,1 275 3
munin.uai,1 275 4
munin.uai,1 275 5
munin.uai,1 275 6
munin.uai,1 275 7
munin.uai,1 275 8
munin.uai,1 275 9
munin.uai,1 275 10
munin.uai,1 275 11
munin.uai,1 275 12
munin.uai,1 275 13
munin.uai,1 275 14
munin.uai,1 275 15
munin.uai,1 275 16
munin.uai,1 275 17
munin.uai,1 275 18
munin.uai,1 277 0
munin.uai,1 277 1
munin.uai,1 277 2
munin.uai,1 277 3
munin.uai,1 277 4
munin.uai,1 277 5
munin.uai,1 277 6
munin.uai,1 277 7
munin.uai,1 277 8
munin.uai,1 277 9
munin.uai,1 277 10
munin.uai,1 277 11
munin.uai,1 281 0
munin.uai,1 281 1
munin.uai,1 281 2
munin.uai,1 281 3
munin.uai,1 281 4
munin.uai,1 281 5
munin.uai,1 281 6
munin.uai,1 281 7
munin.uai,1 281 8
munin.uai,1 281 9
munin.uai,1 281 10
munin.uai,1 281 11
munin.uai,1 281 12
munin.uai,1 281 13
munin.uai,1 281 14
munin.uai,1 281 15
munin.uai,1 281 16
munin.uai,1 281 17
munin.uai,1 281 18
munin.uai,1 325 0
munin.uai,1 325 1
munin.uai,1 325 2
munin.uai,1 325 3
munin.uai,1 325 4
munin.uai,1 325 5
munin.uai,1 325 6
munin.uai,1 325 7
munin.uai,1 325 8
munin.uai,1 325 9
munin.uai,1 325 10
munin.uai,1 325 11
munin.uai,1 325 12
munin.uai,1 325 13
munin.uai,1 325 14
munin.uai,1 325 15
munin.uai,1 325 16
munin.uai,1 332 0
munin.uai,1 332 1
munin.uai,1 332 2
munin.uai,1 332 3
munin.uai,1 332 4
munin.uai,1 332 5
munin.uai,1 332 6
munin.uai,1 332 7
munin.uai,1 332 8
munin.uai,1 332 9
munin.uai,1 332 10
munin.uai,1 332 11
munin.uai,1 332 12
munin.uai,1 332 13
munin.uai,1 332 14
munin.uai,1 332 15
munin.uai,1 332 16
munin.uai,1 332 17
munin.uai,1 332 18
munin.uai,1 334 0
munin.uai,1 334 1
munin.uai,1 334 2
munin.uai,1 334 3
munin.uai,1 334 4
munin.uai,1 334 5
munin.uai,1 335 0
munin.uai,1 335 1
munin.uai,1 336 0
munin.uai,1 336 1
munin.uai,1 336 2
munin.uai,1 336 3
munin.uai,1 337 0
munin.uai,1 337 1
munin.uai,1 337 2
munin.uai,1 338 0
munin.uai,1 338 1
munin.uai,1 338 2
munin.uai,1 338 3
munin.uai,1 338 4
munin.uai,1 340 0
munin.uai,1 340 1
munin.uai,1 340 2
munin.uai,1 340 3
munin.uai,1 340 4
munin.uai,1 340 5
munin.uai,1 340 6
munin.uai,1 340 7
munin.uai,1 340 8
munin.uai,1 340 9
munin.uai,1 340 10
munin.uai,1 340 11
munin.uai,1 340 12
munin.uai,1 340 13
munin.uai,1 340 14
munin.uai,1 340 15
munin.uai,1 340 16
munin.uai,1 340 17
munin.uai,1 340 18
munin.uai,1 340 19
munin.uai,1 341 0
munin.uai,1 341 1
munin.uai,1 341 2
munin.uai,1 341 3
munin.uai,1 341 4
munin.uai,1 343 0
munin.uai,1 343 1
munin.uai,1 343 2
munin.uai,1 343 3
munin.uai,1 343 4
munin.uai,1 343 5
munin.uai,1 343 6
munin.uai,1 343 7
munin.uai,1 343 8
munin.uai,1 343 9
munin.uai,1 343 10
munin.uai,1 343 11
munin.uai,1 343 12
munin.uai,1 343 13
munin.uai,1 343 14
munin.uai,1 343 15
munin.uai,1 343 16
munin.uai,1 343 17
munin.uai,1 343 18
munin.uai,1 344 0
munin.uai,1 344 1
munin.uai,1 344 2
munin.uai,1 346 0
munin.uai,1 346 1
munin.uai,1 347 0
munin.uai,1 347 1
munin.uai,1 348 0
munin.uai,1 348 1
munin.uai,1 349 0
munin.uai,1 349 1
munin.uai,1 349 2
munin.uai,1 349 3
munin.uai,1 349 4
munin.uai,1 349 5
munin.uai,1 349 6
munin.uai,1 349 7
munin.uai,1 349 8
munin.uai,1 349 9
munin.uai,1 349 10
munin.uai,1 349 11
munin.uai,1 349 12
munin.uai,1 349 13
munin.uai,1 349 14
munin.uai,1 349 15
munin.uai,1 349 16
munin.uai,1 349 17
munin.uai,1 349 18
munin.uai,1 349 19
munin.uai,1 349 20
munin.uai,1 350 0
munin.uai,1 350 1
munin.uai,1 350 2
munin.uai,1 350 3
munin.uai,1 350 4
munin.uai,1 351 0
munin.uai,1 351 1
munin.uai,1 351 2
munin.uai,1 351 3
munin.uai,1 352 0
munin.uai,1 352 1
munin.uai,1 352 2
munin.uai,1 352 3
munin.uai,1 352 4
munin.uai,1 353 0
munin.uai,1 353 1
munin.uai,1 353 2
munin.uai,1 353 3
munin.uai,1 371 0
munin.uai,1 371 1
munin.uai,1 371 2
munin.uai,1 383 0
munin.uai,1 383 1
munin.uai,1 383 2
munin.uai,1 383 3
munin.uai,1 383 4
munin.uai,1 383 5
munin.uai,1 401 0
munin.uai,1 401 1
munin.uai,1 401 2
munin.uai,1 401 3
munin.uai,1 402 0
munin.uai,1 402 1
munin.uai,1 403 0
munin.uai,1 403 1
munin.uai,1 441 0
munin.uai,1 441 1
munin.uai,1 441 2
munin.uai,1 441 3
munin.uai,1 441 4
munin.uai,1 441 5
munin.uai,1 441 6
munin.uai,1 441 7
munin.uai,1 441 8
munin.uai,1 441 9
munin.uai,1 441 10
munin.uai,1 441 11
munin.uai,1 441 12
munin.uai,1 441 13
munin.uai,1 441 14
munin.uai,1 441 15
munin.uai,1 441 16
munin.uai,1 448 0
munin.uai,1 448 1
munin.uai,1 448 2
munin.uai,1 448 3
munin.uai,1 448 4
munin.uai,1 448 5
munin.uai,1 448 6
munin.uai,1 448 7
munin.uai,1 448 8
munin.uai,1 448 9
munin.uai,1 448 10
munin.uai,1 448 11
munin.uai,1 448 12
munin.uai,1 448 13
munin.uai,1 448 14
munin.uai,1 448 15
munin.uai,1 448 16
munin.uai,1 450 0
munin.uai,1 450 1
munin.uai,1 450 2
munin.uai,1 450 3
munin.uai,1 450 4
munin.uai,1 450 5
munin.uai,1 451 0
munin.uai,1 451 1
munin.uai,1 452 0
munin.uai,1 452 1
munin.uai,1 452 2
munin.uai,1 452 3
munin.uai,1 453 0
munin.uai,1 453 1
munin.uai,1 453 2
munin.uai,1 454 0
munin.uai,1 454 1
munin.uai,1 454 2
munin.uai,1 454 3
munin.uai,1 454 4
munin.uai,1 456 0
munin.uai,1 456 1
munin.uai,1 456 2
munin.uai,1 456 3
munin.uai,1 456 4
munin.uai,1 456 5
munin.uai,1 456 6
munin.uai,1 456 7
munin.uai,1 456 8
munin.uai,1 456 9
munin.uai,1 456 10
munin.uai,1 456 11
munin.uai,1 456 12
munin.uai,1 456 13
munin.uai,1 456 14
munin.uai,1 456 15
munin.uai,1 456 16
munin.uai,1 456 17
munin.uai,1 456 18
munin.uai,1 456 19
munin.uai,1 457 0
munin.uai,1 457 1
munin.uai,1 457 2
munin.uai,1 457 3
munin.uai,1 457 4
munin.uai,1 459 0
munin.uai,1 459 1
munin.uai,1 459 2
munin.uai,1 459 3
munin.uai,1 459 4
munin.uai,1 459 5
munin.uai,1 459 6
munin.uai,1 459 7
munin.uai,1 459 8
munin.uai,1 459 9
munin.uai,1 459 10
munin.uai,1 459 11
munin.uai,1 459 12
munin.uai,1 459 13
munin.uai,1 459 14
munin.uai,1 459 15
munin.uai,1 459 16
munin.uai,1 459 17
munin.uai,1 459 18
munin.uai,1 460 0
munin.uai,1 460 1
munin.uai,1 460 2
munin.uai,1 462 0
munin.uai,1 462 1
munin.uai,1 463 0
munin.uai,1 463 1
munin.uai,1 464 0
munin.uai,1 464 1
munin.uai,1 465 0
munin.uai,1 465 1
munin.uai,1 465 2
munin.uai,1 465 3
munin.uai,1 465 4
munin.uai,1 465 5
munin.uai,1 465 6
munin.uai,1 465 7
munin.uai,1 465 8
munin.uai,1 465 9
munin.uai,1 465 10
munin.uai,1 465 11
munin.uai,1 465 12
munin.uai,1 465 13
munin.uai,1 465 14
munin.uai,1 465 15
munin.uai,1 465 16
munin.uai,1 465 17
munin.uai,1 465 18
munin.uai,1 465 19
munin.uai,1 465 20
munin.uai,1 466 0
munin.uai,1 466 1
munin.uai,1 466 2
munin.uai,1 466 3
munin.uai,1 466 4
munin.uai,1 467 0
munin.uai,1 467 1
munin.uai,1 467 2
munin.uai,1 467 3
munin.uai,1 468 0
munin.uai,1 468 1
munin.uai,1 468 2
munin.uai,1 468 3
munin.uai,1 468 4
munin.uai,1 469 0
munin.uai,1 469 1
munin.uai,1 469 2
munin.uai,1 469 3
munin.uai,1 481 0
munin.uai,1 481 1
munin.uai,1 481 2
munin.uai,1 487 0
munin.uai,1 487 1
munin.uai,1 487 2
munin.uai,1 487 3
munin.uai,1 487 4
munin.uai,1 487 5
munin.uai,1 499 0
munin.uai,1 499 1
munin.uai,1 499 2
munin.uai,1 499 3
munin.uai,1 500 0
munin.uai,1 500 1
munin.uai,1 501 0
munin.uai,1 501 1
munin.uai,1 517 0
munin.uai,1 517 1
munin.uai,1 517 2
munin.uai,1 517 3
munin.uai,1 517 4
munin.uai,1 517 5
munin.uai,1 517 6
munin.uai,1 517 7
munin.uai,1 517 8
munin.uai,1 517 9
munin.uai,1 517 10
munin.uai,1 517 11
munin.uai,1 517 12
munin.uai,1 526 0
munin.uai,1 526 1
munin.uai,1 526 2
munin.uai,1 526 3
munin.uai,1 526 4
munin.uai,1 526 5
munin.uai,1 526 6
munin.uai,1 526 7
munin.uai,1 526 8
munin.uai,1 526 9
munin.uai,1 526 10
munin.uai,1 526 11
munin.uai,1 526 12
munin.uai,1 526 13
munin.uai,1 526 14
munin.uai,1 526 15
munin.uai,1 526 16
munin.uai,1 539 0
munin.uai,1 539 1
munin.uai,1 539 2
munin.uai,1 539 3
munin.uai,1 539 4
munin.uai,1 539 5
munin.uai,1 539 6
munin.uai,1 539 7
munin.uai,1 539 8
munin.uai,1 539 9
munin.uai,1 539 10
munin.uai,1 539 11
munin.uai,1 554 0
munin.uai,1 554 1
munin.uai,1 554 2
munin.uai,1 554 3
munin.uai,1 554 4
munin.uai,1 554 5
munin.uai,1 554 6
munin.uai,1 554 7
munin.uai,1 554 8
munin.uai,1 554 9
munin.uai,1 554 10
munin.uai,1 554 11
munin.uai,1 554 12
munin.uai,1 554 13
munin.uai,1 554 14
munin.uai,1 554 15
munin.uai,1 554 16
munin.uai,1 554 17
munin.uai,1 554 18
munin.uai,1 554 19
munin.uai,1 559 0
munin.uai,1 559 1
munin.uai,1 559 2
munin.uai,1 559 3
munin.uai,1 559 4
munin.uai,1 559 5
munin.uai,1 559 6
munin.uai,1 559 7
munin.uai,1 559 8
munin.uai,1 559 9
munin.uai,1 559 10
munin.uai,1 559 11
munin.uai,1 559 12
munin.uai,1 559 13
munin.uai,1 559 14
munin.uai,1 569 0
munin.uai,1 569 1
munin.uai,1 569 2
munin.uai,1 569 3
munin.uai,1 569 4
munin.uai,1 569 5
munin.uai,1 569 6
munin.uai,1 569 7
munin.uai,1 569 8
munin.uai,1 569 9
munin.uai,1 569 10
munin.uai,1 569 11
munin.uai,1 569 12
munin.uai,1 569 13
munin.uai,1 569 14
munin.uai,1 569 15
munin.uai,1 569 16
munin.uai,1 569 17
munin.uai,1 569 18
munin.uai,1 573 0
munin.uai,1 573 1
munin.uai,1 573 2
munin.uai,1 573 3
munin.uai,1 573 4
munin.uai,1 573 5
munin.uai,1 573 6
munin.uai,1 573 7
munin.uai,1 573 8
munin.uai,1 573 9
munin.uai,1 573 10
munin.uai,1 573 11
munin.uai,1 590 0
munin.uai,1 590 1
munin.uai,1 590 2
munin.uai,1 590 3
munin.uai,1 590 4
munin.uai,1 590 5
munin.uai,1 590 6
munin.uai,1 590 7
munin.uai,1 590 8
munin.uai,1 590 9
munin.uai,1 590 10
munin.uai,1 590 11
munin.uai,1 590 12
munin.uai,1 590 13
munin.uai,1 590 14
munin.uai,1 590 15
munin.uai,1 590 16
munin.uai,1 590 17
munin.uai,1 590 18
munin.uai,1 626 0
munin.uai,1 626 1
munin.uai,1 626 2
munin.uai,1 626 3
munin.uai,1 626 4
munin.uai,1 626 5
munin.uai,1 626 6
munin.uai,1 626 7
munin.uai,1 626 8
munin.uai,1 626 9
munin.uai,1 626 10
munin.uai,1 626 11
munin.uai,1 626 12
munin.uai,1 626 13
munin.uai,1 626 14
munin.uai,1 626 15
munin.uai,1 626 16
munin.uai,1 634 0
munin.uai,1 634 1
munin.uai,1 634 2
munin.uai,1 634 3
munin.uai,1 634 4
munin.uai,1 634 5
munin.uai,1 634 6
munin.uai,1 634 7
munin.uai,1 634 8
munin.uai,1 634 9
munin.uai,1 634 10
munin.uai,1 634 11
munin.uai,1 634 12
munin.uai,1 634 13
munin.uai,1 634 14
munin.uai,1 634 15
munin.uai,1 634 16
munin.uai,1 634 17
munin.uai,1 634 18
munin.uai,1 636 0
munin.uai,1 636 1
munin.uai,1 636 2
munin.uai,1 636 3
munin.uai,1 636 4
munin.uai,1 636 5
munin.uai,1 637 0
munin.uai,1 637 1
munin.uai,1 638 0
munin.uai,1 638 1
munin.uai,1 638 2
munin.uai,1 638 3
munin.uai,1 639 0
munin.uai,1 639 1
munin.uai,1 639 2
munin.uai,1 640 0
munin.uai,1 640 1
munin.uai,1 640 2
munin.uai,1 640 3
munin.uai,1 640 4
munin.uai,1 642 0
munin.uai,1 642 1
munin.uai,1 642 2
munin.uai,1 642 3
munin.uai,1 642 4
munin.uai,1 642 5
munin.uai,1 642 6
munin.uai,1 642 7
munin.uai,1 642 8
munin.uai,1 642 9
munin.uai,1 642 10
munin.uai,1 642 11
munin.uai,1 642 12
munin.uai,1 642 13
munin.uai,1 642 14
munin.uai,1 642 15
munin.uai,1 642 16
munin.uai,1 642 17
munin.uai,1 642 18
munin.uai,1 642 19
munin.uai,1 643 0
munin.uai,1 643 1
munin.uai,1 643 2
munin.uai,1 643 3
munin.uai,1 643 4
munin.uai,1 645 0
munin.uai,1 645 1
munin.uai,1 645 2
munin.uai,1 645 3
munin.uai,1 645 4
munin.uai,1 645 5
munin.uai,1 645 6
munin.uai,1 645 7
munin.uai,1 645 8
munin.uai,1 645 9
munin.uai,1 645 10
munin.uai,1 645 11
munin.uai,1 645 12
munin.uai,1 645 13
munin.uai,1 645 14
munin.uai,1 645 15
munin.uai,1 645 16
munin.uai,1 645 17
munin.uai,1 645 18
munin.uai,1 646 0
munin.uai,1 646 1
munin.uai,1 646 2
munin.uai,1 648 0
munin.uai,1 648 1
munin.uai,1 649 0
munin.uai,1 649 1
munin.uai,1 650 0
munin.uai,1 650 1
munin.uai,1 651 0
munin.uai,1 651 1
munin.uai,1 651 2
munin.uai,1 651 3
munin.uai,1 651 4
munin.uai,1 651 5
munin.uai,1 651 6
munin.uai,1 651 7
munin.uai,1 651 8
munin.uai,1 651 9
munin.uai,1 651 10
munin.uai,1 651 11
munin.uai,1 651 12
munin.uai,1 651 13
munin.uai,1 651 14
munin.uai,1 651 15
munin.uai,1 651 16
munin.uai,1 651 17
munin.uai,1 651 18
munin.uai,1 651 19
munin.uai,1 651 20
munin.uai,1 652 0
munin.uai,1 652 1
munin.uai,1 652 2
munin.uai,1 652 3
munin.uai,1 652 4
munin.uai,1 653 0
munin.uai,1 653 1
munin.uai,1 653 2
munin.uai,1 653 3
munin.uai,1 654 0
munin.uai,1 654 1
munin.uai,1 654 2
munin.uai,1 654 3
munin.uai,1 654 4
munin.uai,1 655 0
munin.uai,1 655 1
munin.uai,1 655 2
munin.uai,1 655 3
munin.uai,1 671 0
munin.uai,1 671 1
munin.uai,1 671 2
munin.uai,1 681 0
munin.uai,1 681 1
munin.uai,1 681 2
munin.uai,1 681 3
munin.uai,1 681 4
munin.uai,1 681 5
munin.uai,1 697 0
munin.uai,1 697 1
munin.uai,1 697 2
munin.uai,1 697 3
munin.uai,1 698 0
munin.uai,1 698 1
munin.uai,1 699 0
munin.uai,1 699 1
munin.uai,1 718 0
munin.uai,1 718 1
munin.uai,1 718 2
munin.uai,1 718 3
munin.uai,1 718 4
munin.uai,1 718 5
munin.uai,1 718 6
munin.uai,1 718 7
munin.uai,1 718 8
munin.uai,1 718 9
munin.uai,1 718 10
munin.uai,1 718 11
munin.uai,1 742 0
munin.uai,1 742 1
munin.uai,1 742 2
munin.uai,1 742 3
munin.uai,1 742 4
munin.uai,1 742 5
munin.uai,1 742 6
munin.uai,1 742 7
munin.uai,1 742 8
munin.uai,1 742 9
munin.uai,1 742 10
munin.uai,1 742 11
munin.uai,1 742 12
munin.uai,1 742 13
munin.uai,1 742 14
munin.uai,1 742 15
munin.uai,1 742 16
munin.uai,1 742 17
munin.uai,1 742 18
munin.uai,1 742 19
munin.uai,1 745 0
munin.uai,1 745 1
munin.uai,1 745 2
munin.uai,1 745 3
munin.uai,1 745 4
munin.uai,1 745 5
munin.uai,1 745 6
munin.uai,1 745 7
munin.uai,1 745 8
munin.uai,1 745 9
munin.uai,1 745 10
munin.uai,1 745 11
munin.uai,1 749 0
munin.uai,1 749 1
munin.uai,1 749 2
munin.uai,1 749 3
munin.uai,1 749 4
munin.uai,1 749 5
munin.uai,1 749 6
munin.uai,1 749 7
munin.uai,1 749 8
munin.uai,1 749 9
munin.uai,1 749 10
munin.uai,1 749 11
munin.uai,1 749 12
munin.uai,1 749 13
munin.uai,1 749 14
munin.uai,1 749 15
munin.uai,1 749 16
munin.uai,1 749 17
munin.uai,1 749 18
munin.uai,1 749 19
munin.uai,1 755 0
munin.uai,1 755 1
munin.uai,1 755 2
munin.uai,1 755 3
munin.uai,1 755 4
munin.uai,1 755 5
munin.uai,1 755 6
munin.uai,1 755 7
munin.uai,1 755 8
munin.uai,1 755 9
munin.uai,1 755 10
munin.uai,1 755 11
munin.uai,1 755 12
munin.uai,1 755 13
munin.uai,1 755 14
munin.uai,1 765 0
munin.uai,1 765 1
munin.uai,1 765 2
munin.uai,1 765 3
munin.uai,1 765 4
munin.uai,1 765 5
munin.uai,1 765 6
munin.uai,1 765 7
munin.uai,1 765 8
munin.uai,1 765 9
munin.uai,1 765 10
munin.uai,1 765 11
munin.uai,1 765 12
munin.uai,1 765 13
munin.uai,1 765 14
munin.uai,1 765 15
munin.uai,1 765 16
munin.uai,1 765 17
munin.uai,1 765 18
munin.uai,1 769 0
munin.uai,1 769 1
munin.uai,1 769 2
munin.uai,1 769 3
munin.uai,1 769 4
munin.uai,1 769 5
munin.uai,1 769 6
munin.uai,1 769 7
munin.uai,1 769 8
munin.uai,1 769 9
munin.uai,1 769 10
munin.uai,1 769 11
munin.uai,1 789 0
munin.uai,1 789 1
munin.uai,1 789 2
munin.uai,1 789 3
munin.uai,1 789 4
munin.uai,1 789 5
munin.uai,1 789 6
munin.uai,1 789 7
munin.uai,1 789 8
munin.uai,1 789 9
munin.uai,1 789 10
munin.uai,1 789 11
munin.uai,1 789 12
munin.uai,1 789 13
munin.uai,1 789 14
munin.uai,1 789 15
munin.uai,1 789 16
munin.uai,1 789 17
munin.uai,1 789 18
munin.uai,1 791 0
munin.uai,1 791 1
munin.uai,1 791 2
munin.uai,1 791 3
munin.uai,1 791 4
munin.uai,1 791 5
munin.uai,1 791 6
munin.uai,1 791 7
munin.uai,1 791 8
munin.uai,1 791 9
munin.uai,1 791 10
munin.uai,1 791 11
munin.uai,1 795 0
munin.uai,1 795 1
munin.uai,1 795 2
munin.uai,1 795 3
munin.uai,1 795 4
munin.uai,1 795 5
munin.uai,1 795 6
munin.uai,1 795 7
munin.uai,1 795 8
munin.uai,1 795 9
munin.uai,1 795 10
munin.uai,1 795 11
munin.uai,1 795 12
munin.uai,1 795 13
munin.uai,1 795 14
munin.uai,1 795 15
munin.uai,1 795 16
munin.uai,1 795 17
munin.uai,1 795 18
munin.uai,1 839 0
munin.uai,1 839 1
munin.uai,1 839 2
munin.uai,1 839 3
munin.uai,1 839 4
munin.uai,1 839 5
munin.uai,1 839 6
munin.uai,1 839 7
munin.uai,1 839 8
munin.uai,1 839 9
munin.uai,1 839 10
munin.uai,1 839 11
munin.uai,1 839 12
munin.uai,1 839 13
munin.uai,1 839 14
munin.uai,1 839 15
munin.uai,1 839 16
munin.uai,1 846 0
munin.uai,1 846 1
munin.uai,1 846 2
munin.uai,1 846 3
munin.uai,1 846 4
munin.uai,1 846 5
munin.uai,1 846 6
munin.uai,1 846 7
munin.uai,1 846 8
munin.uai,1 846 9
munin.uai,1 846 10
munin.uai,1 846 11
munin.uai,1 846 12
munin.uai,1 846 13
munin.uai,1 846 14
munin.uai,1 846 15
munin.uai,1 846 16
munin.uai,1 846 17
munin.uai,1 846 18
munin.uai,1 848 0
munin.uai,1 848 1
munin.uai,1 848 2
munin.uai,1 848 3
munin.uai,1 848 4
munin.uai,1 848 5
munin.uai,1 849 0
munin.uai,1 849 1
munin.uai,1 850 0
munin.uai,1 850 1
munin.uai,1 850 2
munin.uai,1 850 3
munin.uai,1 851 0
munin.uai,1 851 1
munin.uai,1 851 2
munin.uai,1 852 0
munin.uai,1 852 1
munin.uai,1 852 2
munin.uai,1 852 3
munin.uai,1 852 4
munin.uai,1 854 0
munin.uai,1 854 1
munin.uai,1 854 2
munin.uai,1 854 3
munin.uai,1 854 4
munin.uai,1 854 5
munin.uai,1 854 6
munin.uai,1 854 7
munin.uai,1 854 8
munin.uai,1 854 9
munin.uai,1 854 10
munin.uai,1 854 11
munin.uai,1 854 12
munin.uai,1 854 13
munin.uai,1 854 14
munin.uai,1 854 15
munin.uai,1 854 16
munin.uai,1 854 17
munin.uai,1 854 18
munin.uai,1 854 19
munin.uai,1 855 0
munin.uai,1 855 1
munin.uai,1 855 2
munin.uai,1 855 3
munin.uai,1 855 4
munin.uai,1 857 0
munin.uai,1 857 1
munin.uai,1 857 2
munin.uai,1 857 3
munin.uai,1 857 4
munin.uai,1 857 5
munin.uai,1 857 6
munin.uai,1 857 7
munin.uai,1 857 8
munin.uai,1 857 9
munin.uai,1 857 10
munin.uai,1 857 11
munin.uai,1 857 12
munin.uai,1 857 13
munin.uai,1 857 14
munin.uai,1 857 15
munin.uai,1 857 16
munin.uai,1 857 17
munin.uai,1 857 18
munin.uai,1 858 0
munin.uai,1 858 1
munin.uai,1 858 2
munin.uai,1 860 0
munin.uai,1 860 1
munin.uai,1 861 0
munin.uai,1 861 1
munin.uai,1 862 0
munin.uai,1 862 1
munin.uai,1 863 0
munin.uai,1 863 1
munin.uai,1 863 2
munin.uai,1 863 3
munin.uai,1 863 4
munin.uai,1 863 5
munin.uai,1 863 6
munin.uai,1 863 7
munin.uai,1 863 8
munin.uai,1 863 9
munin.uai,1 863 10
munin.uai,1 863 11
munin.uai,1 863 12
munin.uai,1 863 13
munin.uai,1 863 14
munin.uai,1 863 15
munin.uai,1 863 16
munin.uai,1 863 17
munin.uai,1 863 18
munin.uai,1 863 19
munin.uai,1 863 20
munin.uai,1 864 0
munin.uai,1 864 1
munin.uai,1 864 2
munin.uai,1 864 3
munin.uai,1 864 4
munin.uai,1 865 0
munin.uai,1 865 1
munin.uai,1 865 2
munin.uai,1 865 3
munin.uai,1 866 0
munin.uai,1 866 1
munin.uai,1 866 2
munin.uai,1 866 3
munin.uai,1 866 4
munin.uai,1 867 0
munin.uai,1 867 1
munin.uai,1 867 2
munin.uai,1 867 3
munin.uai,1 885 0
munin.uai,1 885 1
munin.uai,1 885 2
munin.uai,1 897 0
munin.uai,1 897 1
munin.uai,1 897 2
munin.uai,1 897 3
munin.uai,1 897 4
munin.uai,1 897 5
munin.uai,1 915 0
munin.uai,1 915 1
munin.uai,1 915 2
munin.uai,1 915 3
munin.uai,1 916 0
munin.uai,1 916 1
munin.uai,1 917 0
munin.uai,1 917 1
munin.uai,1 955 0
munin.uai,1 955 1
munin.uai,1 955 2
munin.uai,1 955 3
munin.uai,1 955 4
munin.uai,1 955 5
munin.uai,1 955 6
munin.uai,1 955 7
munin.uai,1 955 8
munin.uai,1 955 9
munin.uai,1 955 10
munin.uai,1 955 11
munin.uai,1 955 12
munin.uai,1 955 13
munin.uai,1 955 14
munin.uai,1 955 15
munin.uai,1 955 16
munin.uai,1 962 0
munin.uai,1 962 1
munin.uai,1 962 2
munin.uai,1 962 3
munin.uai,1 962 4
munin.uai,1 962 5
munin.uai,1 962 6
munin.uai,1 962 7
munin.uai,1 962 8
munin.uai,1 962 9
munin.uai,1 962 10
munin.uai,1 962 11
munin.uai,1 962 12
munin.uai,1 962 13
munin.uai,1 962 14
munin.uai,1 962 15
munin.uai,1 962 16
munin.uai,1 964 0
munin.uai,1 964 1
munin.uai,1 964 2
munin.uai,1 964 3
munin.uai,1 964 4
munin.uai,1 964 5
munin.uai,1 965 0
munin.uai,1 965 1
munin.uai,1 966 0
munin.uai,1 966 1
munin.uai,1 966 2
munin.uai,1 966 3
munin.uai,1 967 0
munin.uai,1 967 1
munin.uai,1 967 2
munin.uai,1 968 0
munin.uai,1 968 1
munin.uai,1 968 2
munin.uai,1 968 3
munin.uai,1 968 4
munin.uai,1 970 0
munin.uai,1 970 1
munin.uai,1 970 2
munin.uai,1 970 3
munin.uai,1 970 4
munin.uai,1 970 5
munin.uai,1 970 6
munin.uai,1 970 7
munin.uai,1 970 8
munin.uai,1 970 9
munin.uai,1 970 10
munin.uai,1 970 11
munin.uai,1 970 12
munin.uai,1 970 13
munin.uai,1 970 14
munin.uai,1 970 15
munin.uai,1 970 16
munin.uai,1 970 17
munin.uai,1 970 18
munin.uai,1 970 19
munin.uai,1 971 0
munin.uai,1 971 1
munin.uai,1 971 2
munin.uai,1 971 3
munin.uai,1 971 4
munin.uai,1 973 0
munin.uai,1 973 1
munin.uai,1 973 2
munin.uai,1 973 3
munin.uai,1 973 4
munin.uai,1 973 5
munin.uai,1 973 6
munin.uai,1 973 7
munin.uai,1 973 8
munin.uai,1 973 9
munin.uai,1 973 10
munin.uai,1 973 11
munin.uai,1 973 12
munin.uai,1 973 13
munin.uai,1 973 14
munin.uai,1 973 15
munin.uai,1 973 16
munin.uai,1 973 17
munin.uai,1 973 18
munin.uai,1 974 0
munin.uai,1 974 1
munin.uai,1 974 2
munin.uai,1 976 0
munin.uai,1 976 1
munin.uai,1 977 0
munin.uai,1 977 1
munin.uai,1 978 0
munin.uai,1 978 1
munin.uai,1 979 0
munin.uai,1 979 1
munin.uai,1 979 2
munin.uai,1 979 3
munin.uai,1 979 4
munin.uai,1 979 5
munin.uai,1 979 6
munin.uai,1 979 7
munin.uai,1 979 8
munin.uai,1 979 9
munin.uai,1 979 10
munin.uai,1 979 11
munin.uai,1 979 12
munin.uai,1 979 13
munin.uai,1 979 14
munin.uai,1 979 15
munin.uai,1 979 16
munin.uai,1 979 17
munin.uai,1 979 18
munin.uai,1 979 19
munin.uai,1 979 20
munin.uai,1 980 0
munin.uai,1 980 1
munin.uai,1 980 2
munin.uai,1 980 3
munin.uai,1 980 4
munin.uai,1 981 0
munin.uai,1 981 1
munin.uai,1 981 2
munin.uai,1 981 3
munin.uai,1 982 0
munin.uai,1 982 1
munin.uai,1 982 2
munin.uai,1 982 3
munin.uai,1 982 4
munin.uai,1 983 0
munin.uai,1 983 1
munin.uai,1 983 2
munin.uai,1 983 3
munin.uai,1 995 0
munin.uai,1 995 1
munin.uai,1 995 2
munin.uai,1 1001 0
munin.uai,1 1001 1
munin.uai,1 1001 2
munin.uai,1 1001 3
munin.uai,1 1001 4
munin.uai,1 1001 5
munin.uai,1 1013 0
munin.uai,1 1013 1
munin.uai,1 1013 2
munin.uai,1 1013 3
munin.uai,1 1014 0
munin.uai,1 1014 1
munin.uai,1 1015 0
munin.uai,1 1015 1
munin.uai,1 1031 0
munin.uai,1 1031 1
munin.uai,1 1031 2
munin.uai,1 1031 3
munin.uai,1 1031 4
munin.uai,1 1031 5
munin.uai,1 1031 6
munin.uai,1 1031 7
munin.uai,1 1031 8
munin.uai,1 1031 9
munin.uai,1 1031 10
munin.uai,1 1031 11
munin.uai,1 1031 12
munin.uai,1 1040 0
munin.uai,1 1040 1
munin.uai,1 1040 2
munin.uai,1 1040 3
munin.uai,1 1040 4
munin.uai,1 1040 5
munin.uai,1 1040 6
munin.uai,1 1040 7
munin.uai,1 1040 8
munin.uai,1 1040 9
munin.uai,1 1040 10
munin.uai,1 1040 11
munin.uai,1 1040 12
munin.uai,1 1040 13
munin.uai,1 1040 14
munin.uai,1 1040 15
munin.uai,1 1040 16
cancer.uai,1 3 0
cancer.uai,1 3 1
cancer.uai,1 4 0
cancer.uai,1 4 1
survey.uai,1 5 0
survey.uai,1 5 1
survey.uai,1 5 2